City_ID,City,Country,Date,Lat,Lng,Max Temp,Humidity,Cloudiness,Wind Speed
0,Bethel,US,2022-12-21 15:45:27,41.3712,-73.414,33.94,70,0,0.0
1,Rawson,AR,2022-12-21 15:45:27,-43.3002,-65.1023,83.98,22,91,10.02
2,Rikitea,PF,2022-12-21 15:45:28,-23.1203,-134.9692,76.57,83,100,15.3
3,Busselton,AU,2022-12-21 15:45:29,-33.65,115.3333,64.11,68,23,14.03
4,Jamestown,US,2022-12-21 15:45:30,42.097,-79.2353,31.71,68,75,3.44
5,Bakchar,RU,2022-12-21 15:45:30,57.0186,82.0711,11.71,96,100,2.98
6,Clyde River,CA,2022-12-21 15:42:13,70.4692,-68.5914,-5.57,84,100,12.66
7,Albany,US,2022-12-21 15:40:59,42.6001,-73.9662,27.41,78,69,1.41
8,Ipaussu,BR,2022-12-21 15:45:31,-23.0553,-49.6284,80.08,47,39,8.86
9,Hithadhoo,MV,2022-12-21 15:45:32,-0.6,73.0833,81.99,71,96,16.46
10,Ilulissat,GL,2022-12-21 15:45:33,69.2167,-51.1,-2.69,75,24,5.32
11,Barrow,US,2022-12-21 15:45:34,71.2906,-156.7887,-18.38,83,0,6.91
12,Lavrentiya,RU,2022-12-21 15:45:34,65.5833,-171.0,8.02,90,41,15.59
13,Alpena,US,2022-12-21 15:44:22,45.0617,-83.4327,21.18,70,100,6.91
14,Albany,US,2022-12-21 15:40:59,42.6001,-73.9662,27.41,78,69,1.41
15,Cabo San Lucas,MX,2022-12-21 15:41:07,22.8909,-109.9124,71.51,78,0,4.61
16,Bilma,NE,2022-12-21 15:45:36,18.6853,12.9164,71.69,27,95,12.41
17,Nuevo Progreso,MX,2022-12-21 15:45:36,23.1667,-97.95,62.47,54,74,3.87
18,Ushuaia,AR,2022-12-21 15:44:46,-54.8,-68.3,65.86,34,0,14.97
19,Ushuaia,AR,2022-12-21 15:44:46,-54.8,-68.3,65.86,34,0,14.97
20,Mindelo,CV,2022-12-21 15:45:37,16.8901,-24.9804,80.15,54,20,26.46
21,Hilo,US,2022-12-21 15:45:38,19.7297,-155.09,69.24,85,0,7.0
22,Rikitea,PF,2022-12-21 15:45:28,-23.1203,-134.9692,76.57,83,100,15.3
23,Bredasdorp,ZA,2022-12-21 15:45:39,-34.5322,20.0403,70.32,65,1,21.36
24,Upernavik,GL,2022-12-21 15:45:39,72.7868,-56.1549,5.36,96,92,14.83
25,Busselton,AU,2022-12-21 15:45:40,-33.65,115.3333,64.11,68,23,14.03
26,Hermanus,ZA,2022-12-21 15:45:40,-34.4187,19.2345,78.8,51,0,19.84
27,Punta Arenas,CL,2022-12-21 15:45:41,-53.15,-70.9167,59.02,94,100,6.91
28,New Norfolk,AU,2022-12-21 15:45:41,-42.7826,147.0587,53.1,67,88,1.99
29,Barrow,US,2022-12-21 15:45:34,71.2906,-156.7887,-18.38,83,0,6.91
30,Norwich,GB,2022-12-21 15:45:39,52.6278,1.2983,47.93,97,40,8.05
31,Tasiilaq,GL,2022-12-21 15:45:42,65.6145,-37.6368,15.96,52,0,5.3
32,Torbay,CA,2022-12-21 15:45:09,47.6666,-52.7314,36.57,82,75,20.71
33,Hermanus,ZA,2022-12-21 15:45:40,-34.4187,19.2345,78.8,51,0,19.84
34,Sindor,RU,2022-12-21 15:45:43,62.8629,51.8905,-3.5,95,100,4.38
35,Mataura,NZ,2022-12-21 15:45:44,-46.1927,168.8643,45.07,99,45,2.64
36,Bredasdorp,ZA,2022-12-21 15:45:39,-34.5322,20.0403,70.32,65,1,21.36
37,Puerto Ayora,EC,2022-12-21 15:45:44,-0.7393,-90.3518,76.96,92,32,4.0
38,Mar Del Plata,AR,2022-12-21 15:44:01,-38.0023,-57.5575,82.83,75,20,21.85
39,Albany,US,2022-12-21 15:40:59,42.6001,-73.9662,27.41,78,69,1.41
40,Busselton,AU,2022-12-21 15:45:40,-33.65,115.3333,64.11,68,23,14.03
41,Saint-Philippe,RE,2022-12-21 15:45:45,-21.3585,55.7679,78.39,77,91,9.75
42,Bluff,NZ,2022-12-21 15:45:46,-46.6,168.3333,50.22,90,56,5.5
43,Sakaraha,MG,2022-12-21 15:45:47,-22.9,44.5333,69.85,91,100,4.65
44,Saint-Philippe,RE,2022-12-21 15:45:45,-21.3585,55.7679,78.39,77,91,9.75
45,Kuusamo,FI,2022-12-21 15:45:48,65.9667,29.1833,19.44,93,100,3.44
46,Muros,ES,2022-12-21 15:46:48,42.7762,-9.0603,61.84,90,99,15.35
47,Camacha,PT,2022-12-21 15:46:48,33.0833,-16.3333,67.42,78,40,4.61
48,Cap-Aux-Meules,CA,2022-12-21 15:44:01,47.3821,-61.8597,33.85,64,40,10.36
49,Ushuaia,AR,2022-12-21 15:46:49,-54.8,-68.3,65.86,34,0,14.97
50,Sitka,US,2022-12-21 15:46:50,57.0531,-135.33,19.29,68,0,4.61
51,Saint-Philippe,RE,2022-12-21 15:46:50,-21.3585,55.7679,78.39,77,91,9.75
52,Yellowknife,CA,2022-12-21 15:44:22,62.456,-114.3525,-33.45,67,0,4.61
53,Bethel,US,2022-12-21 15:45:27,41.3712,-73.414,33.94,70,0,0.0
54,Svetlogorsk,BY,2022-12-21 15:46:51,52.6333,29.7333,33.71,89,100,8.75
55,Thompson,CA,2022-12-21 15:46:52,55.7435,-97.8558,-9.24,77,75,8.05
56,Mitsamiouli,KM,2022-12-21 15:46:52,-11.3847,43.2844,86.29,62,20,11.5
57,Albany,US,2022-12-21 15:40:59,42.6001,-73.9662,27.41,78,69,1.41
58,Punta Arenas,CL,2022-12-21 15:45:41,-53.15,-70.9167,59.02,94,100,6.91
59,Saint-Philippe,RE,2022-12-21 15:45:45,-21.3585,55.7679,78.39,77,91,9.75
60,Stephenville,US,2022-12-21 15:42:00,32.2207,-98.2023,32.79,100,40,0.0
61,Punta Arenas,CL,2022-12-21 15:45:41,-53.15,-70.9167,59.02,94,100,6.91
62,Cidreira,BR,2022-12-21 15:46:54,-30.1811,-50.2056,74.25,67,5,14.03
63,Lesnyye Polyany,RU,2022-12-21 15:46:54,55.9667,37.8667,26.82,96,97,8.66
64,Port Blair,IN,2022-12-21 15:46:55,11.6667,92.75,82.44,74,40,4.61
65,Meulaboh,ID,2022-12-21 15:46:55,4.1363,96.1285,77.92,80,90,2.17
66,Rikitea,PF,2022-12-21 15:45:28,-23.1203,-134.9692,76.57,83,100,15.3
67,Naze,JP,2022-12-21 15:46:56,28.3667,129.4833,58.12,63,92,21.54
68,Rikitea,PF,2022-12-21 15:45:28,-23.1203,-134.9692,76.57,83,100,15.3
69,Rikitea,PF,2022-12-21 15:45:28,-23.1203,-134.9692,76.57,83,100,15.3
70,Mataura,NZ,2022-12-21 15:45:44,-46.1927,168.8643,45.07,99,45,2.64
71,Busselton,AU,2022-12-21 15:45:40,-33.65,115.3333,64.11,68,23,14.03
72,Houlton,US,2022-12-21 15:46:58,46.1262,-67.8403,31.71,76,100,0.0
73,Bluff,NZ,2022-12-21 15:45:46,-46.6,168.3333,50.22,90,56,5.5
74,Saskylakh,RU,2022-12-21 15:46:58,71.9167,114.0833,-22.47,92,100,10.8
75,Yellowknife,CA,2022-12-21 15:42:07,62.456,-114.3525,-33.45,67,0,4.61
76,Faanui,PF,2022-12-21 15:46:59,-16.4833,-151.75,81.34,76,53,21.63
77,Bredasdorp,ZA,2022-12-21 15:45:39,-34.5322,20.0403,70.32,65,1,21.36
78,Atuona,PF,2022-12-21 15:47:00,-9.8,-139.0333,78.28,81,29,23.22
79,Longhua,CN,2022-12-21 15:47:00,23.6137,114.1919,47.88,62,44,3.67
80,Kapaa,US,2022-12-21 15:47:01,22.0752,-159.319,71.58,90,75,6.91
81,Busselton,AU,2022-12-21 15:45:40,-33.65,115.3333,64.11,68,23,14.03
82,Usinsk,RU,2022-12-21 15:47:02,65.9939,57.5281,-20.96,93,11,7.27
83,Atuona,PF,2022-12-21 15:47:00,-9.8,-139.0333,78.28,81,29,23.22
84,Barrow,US,2022-12-21 15:45:34,71.2906,-156.7887,-18.38,83,0,6.91
85,Atuona,PF,2022-12-21 15:47:00,-9.8,-139.0333,78.28,81,29,23.22
86,Hobart,AU,2022-12-21 15:42:08,-42.8794,147.3294,53.46,85,80,6.91
87,Luderitz,NA,2022-12-21 15:47:04,-26.6481,15.1594,68.76,76,4,7.07
88,Esperance,AU,2022-12-21 15:47:05,-33.8667,121.9,60.89,86,6,10.85
89,Ushuaia,AR,2022-12-21 15:44:46,-54.8,-68.3,65.86,34,0,14.97
90,East London,ZA,2022-12-21 15:47:05,-33.0153,27.9116,70.74,56,20,14.97
91,Ushuaia,AR,2022-12-21 15:44:46,-54.8,-68.3,65.86,34,0,14.97
92,Provideniya,RU,2022-12-21 15:48:06,64.3833,-173.3,14.97,84,97,25.14
93,Atuona,PF,2022-12-21 15:47:00,-9.8,-139.0333,78.28,81,29,23.22
94,Richards Bay,ZA,2022-12-21 15:48:07,-28.783,32.0377,69.85,66,97,6.98
95,Barabai,ID,2022-12-21 15:48:08,-2.5833,115.3833,75.6,94,100,2.51
96,Ballina,AU,2022-12-21 15:48:08,-28.8667,153.5667,64.02,87,90,3.74
97,Tiksi,RU,2022-12-21 15:48:09,71.6872,128.8694,-18.02,96,85,7.63
98,Westport,US,2022-12-21 15:48:09,41.1415,-73.3579,36.03,64,0,6.91
99,Chuy,UY,2022-12-21 15:48:10,-33.6971,-53.4616,77.76,48,10,15.82
100,Albany,US,2022-12-21 15:40:59,42.6001,-73.9662,27.41,78,69,1.41
101,Mataura,NZ,2022-12-21 15:45:44,-46.1927,168.8643,45.07,99,45,2.64
102,Hilo,US,2022-12-21 15:45:38,19.7297,-155.09,69.24,85,0,7.0
103,Vieste,IT,2022-12-21 15:48:11,41.8825,16.175,53.73,69,1,6.17
104,Matagami,CA,2022-12-21 15:48:12,49.7502,-77.6328,3.31,72,20,14.97
105,Butaritari,KI,2022-12-21 15:48:12,3.0707,172.7902,81.54,75,46,17.2
106,Busselton,AU,2022-12-21 15:45:40,-33.65,115.3333,64.11,68,23,14.03
107,Puerto Ayora,EC,2022-12-21 15:45:44,-0.7393,-90.3518,76.96,92,32,4.0
108,New Norfolk,AU,2022-12-21 15:45:41,-42.7826,147.0587,53.1,67,88,1.99
109,Hermanus,ZA,2022-12-21 15:45:40,-34.4187,19.2345,78.8,51,0,19.84
110,Kaitangata,NZ,2022-12-21 15:48:14,-46.2817,169.8464,50.5,95,55,8.46
111,Victoria,HK,2022-12-21 15:48:15,22.2855,114.1577,64.26,43,42,10.0
112,Plettenberg Bay,ZA,2022-12-21 15:48:15,-34.0527,23.3716,69.85,66,2,20.98
113,Bluff,NZ,2022-12-21 15:45:46,-46.6,168.3333,50.22,90,56,5.5
114,Kununurra,AU,2022-12-21 15:48:16,-15.7667,128.7333,73.38,100,100,8.05
115,Saint George,US,2022-12-21 15:48:17,37.1041,-113.5841,27.19,74,0,0.0
116,Albany,US,2022-12-21 15:40:59,42.6001,-73.9662,27.41,78,69,1.41
117,Clyde River,CA,2022-12-21 15:48:17,70.4692,-68.5914,-5.57,84,100,12.66
118,Bethel,US,2022-12-21 15:45:27,41.3712,-73.414,33.94,70,0,0.0
119,Bathsheba,BB,2022-12-21 15:48:18,13.2167,-59.5167,86.61,78,20,21.85
120,Rikitea,PF,2022-12-21 15:45:28,-23.1203,-134.9692,76.57,83,100,15.3
121,Mount Isa,AU,2022-12-21 15:48:19,-20.7333,139.5,78.57,78,75,0.0
122,Cape Town,ZA,2022-12-21 15:45:06,-33.9258,18.4232,82.89,49,0,13.8
123,Castro,BR,2022-12-21 15:48:20,-24.7911,-50.0119,66.74,72,87,7.4
124,Arraial Do Cabo,BR,2022-12-21 15:48:21,-22.9661,-42.0278,75.06,88,75,13.8
125,Bluff,NZ,2022-12-21 15:45:46,-46.6,168.3333,50.22,90,56,5.5
126,Jasper,US,2022-12-21 15:47:05,37.2001,-94.3502,34.23,81,75,4.61
127,Vostok,RU,2022-12-21 15:48:22,46.4856,135.8833,10.06,89,89,4.27
128,Mataura,NZ,2022-12-21 15:45:44,-46.1927,168.8643,45.07,99,45,2.64
129,Albany,US,2022-12-21 15:40:59,42.6001,-73.9662,27.41,78,69,1.41
130,Aklavik,CA,2022-12-21 15:48:23,68.2191,-135.0107,-7.6,77,100,10.36
131,Sawang Daen Din,TH,2022-12-21 15:48:24,17.4753,103.4575,68.18,99,14,7.81
132,Mataura,NZ,2022-12-21 15:45:44,-46.1927,168.8643,45.07,99,45,2.64
133,Pacific Grove,US,2022-12-21 15:44:03,36.6177,-121.9166,50.65,81,0,5.75
134,Olafsvik,IS,2022-12-21 15:48:25,64.8945,-23.7142,32.32,64,76,31.16
135,Plouzane,FR,2022-12-21 15:48:26,48.3833,-4.6167,53.92,100,100,11.5
136,Sulejowek,PL,2022-12-21 15:48:26,52.2522,21.269,38.66,86,100,8.05
137,Hithadhoo,MV,2022-12-21 15:45:32,-0.6,73.0833,81.99,71,96,16.46
138,Hermanus,ZA,2022-12-21 15:45:40,-34.4187,19.2345,78.8,51,0,19.84
139,Ushuaia,AR,2022-12-21 15:44:46,-54.8,-68.3,65.86,34,0,14.97
140,Hasaki,JP,2022-12-21 15:49:28,35.7333,140.8333,43.2,72,100,2.75
141,Puerto Ayora,EC,2022-12-21 15:45:44,-0.7393,-90.3518,76.96,92,32,4.0
142,Upernavik,GL,2022-12-21 15:45:39,72.7868,-56.1549,5.36,96,92,14.83
143,Rikitea,PF,2022-12-21 15:45:28,-23.1203,-134.9692,76.57,83,100,15.3
144,Lavrentiya,RU,2022-12-21 15:45:34,65.5833,-171.0,8.02,90,41,15.59
145,Srednekolymsk,RU,2022-12-21 15:49:29,67.45,153.6833,-1.37,93,31,5.08
146,Voskresenskoye,RU,2022-12-21 15:49:30,56.8381,45.4317,10.36,97,100,7.25
147,Codrington,AU,2022-12-21 15:49:30,-38.2667,141.9667,60.33,87,100,5.64
148,Rehoboth,NA,2022-12-21 15:49:31,-23.3167,17.0833,94.55,14,27,7.74
149,Bredasdorp,ZA,2022-12-21 15:45:39,-34.5322,20.0403,70.32,65,1,21.36
150,Albany,US,2022-12-21 15:40:59,42.6001,-73.9662,27.41,78,69,1.41
151,Saint-Leu,RE,2022-12-21 15:49:32,-21.15,55.2833,77.86,75,96,3.09
152,Hermanus,ZA,2022-12-21 15:45:40,-34.4187,19.2345,78.8,51,0,19.84
153,Codrington,AU,2022-12-21 15:49:30,-38.2667,141.9667,60.33,87,100,5.64
154,Butaritari,KI,2022-12-21 15:48:12,3.0707,172.7902,81.54,75,46,17.2
155,East London,ZA,2022-12-21 15:47:05,-33.0153,27.9116,70.74,56,20,14.97
156,Mataura,NZ,2022-12-21 15:45:44,-46.1927,168.8643,45.07,99,45,2.64
157,Ushuaia,AR,2022-12-21 15:44:46,-54.8,-68.3,65.86,34,0,14.97
158,Manggar,ID,2022-12-21 15:49:34,-2.8833,108.2667,79.2,85,72,5.97
159,Ribeira Grande,PT,2022-12-21 15:49:35,38.5167,-28.7,65.77,94,75,27.0
160,Saint-Joseph,RE,2022-12-21 15:49:36,-21.3667,55.6167,77.38,77,92,5.21
161,Rocha,UY,2022-12-21 15:49:37,-34.4833,-54.3333,84.13,33,99,16.87
162,Busselton,AU,2022-12-21 15:45:40,-33.65,115.3333,64.11,68,23,14.03
163,Alta Floresta,BR,2022-12-21 15:49:37,-9.8756,-56.0861,76.87,91,96,5.12
164,Jiazi,CN,2022-12-21 15:49:38,22.8779,116.067,54.97,54,60,8.79
165,Portland,US,2022-12-21 15:49:38,45.5234,-122.6762,36.57,89,75,1.01
166,Ushuaia,AR,2022-12-21 15:44:46,-54.8,-68.3,65.86,34,0,14.97
167,Teya,RU,2022-12-21 15:49:39,60.3778,92.6267,5.9,99,100,3.04
168,Aklavik,CA,2022-12-21 15:48:23,68.2191,-135.0107,-7.6,77,100,10.36
169,Port Lincoln,AU,2022-12-21 15:49:40,-34.7333,135.8667,60.6,94,45,6.49
170,San Andres,CO,2022-12-21 15:46:47,12.5847,-81.7006,84.22,70,40,17.27
171,Hithadhoo,MV,2022-12-21 15:45:32,-0.6,73.0833,81.99,71,96,16.46
172,Sain Alto,MX,2022-12-21 15:49:41,23.5833,-103.25,55.44,43,100,4.83
173,Mataura,NZ,2022-12-21 15:45:44,-46.1927,168.8643,45.07,99,45,2.64
174,Bethel,US,2022-12-21 15:45:27,41.3712,-73.414,33.94,70,0,0.0
175,Atuona,PF,2022-12-21 15:47:00,-9.8,-139.0333,78.28,81,29,23.22
176,Bengkulu,ID,2022-12-21 15:49:42,-3.8004,102.2655,77.32,86,98,8.41
177,Ushuaia,AR,2022-12-21 15:44:46,-54.8,-68.3,65.86,34,0,14.97
178,Seoul,KR,2022-12-21 15:45:13,37.5683,126.9778,29.59,66,0,13.8
179,Margate,GB,2022-12-21 15:49:43,51.3813,1.3862,50.9,92,100,1.99
180,Rudraprayag,IN,2022-12-21 15:49:44,30.2833,78.9833,51.98,31,0,3.58
181,Jamestown,US,2022-12-21 15:49:45,42.097,-79.2353,31.71,68,75,3.44
182,Albany,US,2022-12-21 15:40:59,42.6001,-73.9662,27.41,78,69,1.41
183,Mataura,NZ,2022-12-21 15:45:44,-46.1927,168.8643,45.07,99,45,2.64
184,North Branch,US,2022-12-21 15:50:47,45.5113,-92.9802,-4.94,84,100,3.42
185,Busselton,AU,2022-12-21 15:45:40,-33.65,115.3333,64.11,68,23,14.03
186,Ushuaia,AR,2022-12-21 15:44:46,-54.8,-68.3,65.86,34,0,14.97
187,Chapais,CA,2022-12-21 15:50:48,49.7834,-74.8492,17.38,88,99,9.13
188,Busselton,AU,2022-12-21 15:45:29,-33.65,115.3333,64.11,68,23,14.03
189,Haines Junction,CA,2022-12-21 15:50:48,60.7522,-137.5108,-36.45,67,100,0.0
190,Jamestown,US,2022-12-21 15:45:30,42.097,-79.2353,31.71,68,75,3.44
191,Tuktoyaktuk,CA,2022-12-21 15:50:49,69.4541,-133.0374,-13.0,77,100,14.97
192,Punta Arenas,CL,2022-12-21 15:50:49,-53.15,-70.9167,59.02,94,100,6.91
193,Busselton,AU,2022-12-21 15:50:50,-33.65,115.3333,64.11,68,23,14.03
194,Hilo,US,2022-12-21 15:50:50,19.7297,-155.09,69.24,85,0,7.0
195,Arraial Do Cabo,BR,2022-12-21 15:50:51,-22.9661,-42.0278,75.06,88,75,13.8
196,Grand Gaube,MU,2022-12-21 15:50:51,-20.0064,57.6608,79.2,66,31,5.99
197,Rikitea,PF,2022-12-21 15:50:52,-23.1203,-134.9692,76.57,83,100,15.3
198,Geraldton,AU,2022-12-21 15:50:52,-28.7667,114.6,68.41,68,2,5.75
199,Aykhal,RU,2022-12-21 15:50:53,66.0,111.5,-33.41,100,95,7.67
200,Souillac,MU,2022-12-21 15:50:53,-20.5167,57.5167,79.18,69,40,8.05
201,Ribeira Grande,PT,2022-12-21 15:50:54,38.5167,-28.7,65.77,94,75,27.0
202,Tuktoyaktuk,CA,2022-12-21 15:50:54,69.4541,-133.0374,-13.0,77,100,14.97
203,Hobart,AU,2022-12-21 15:48:07,-42.8794,147.3294,53.46,84,80,5.75
204,Kourou,GF,2022-12-21 15:50:55,5.1552,-52.6478,84.25,82,50,9.82
205,Tripoli,LY,2022-12-21 15:50:56,32.8752,13.1875,62.56,63,9,6.58
206,Punta Arenas,CL,2022-12-21 15:50:49,-53.15,-70.9167,59.02,94,100,6.91
207,Acapulco,MX,2022-12-21 15:49:55,16.8634,-99.8901,81.86,58,0,2.35
208,Ust-Nera,RU,2022-12-21 15:50:56,64.5667,143.2,17.64,95,100,6.51
209,Punta Arenas,CL,2022-12-21 15:50:49,-53.15,-70.9167,59.02,94,100,6.91
210,Byron Bay,AU,2022-12-21 15:46:20,-28.65,153.6167,63.95,72,71,4.05
211,Busselton,AU,2022-12-21 15:50:50,-33.65,115.3333,64.11,68,23,14.03
212,Nikolskoye,RU,2022-12-21 15:50:58,59.7035,30.7861,33.69,100,100,7.9
213,Ushuaia,AR,2022-12-21 15:46:49,-54.8,-68.3,65.86,34,0,14.97
214,Norman Wells,CA,2022-12-21 15:50:59,65.282,-126.8329,-27.36,68,100,3.44
215,Vostok,RU,2022-12-21 15:51:00,46.4856,135.8833,10.06,89,89,4.27
216,Tateyama,JP,2022-12-21 15:51:00,34.9833,139.8667,48.09,74,100,6.06
217,Zhigansk,RU,2022-12-21 15:51:00,66.7697,123.3711,-31.94,98,57,6.31
218,Dikson,RU,2022-12-21 15:51:01,73.5069,80.5464,-26.86,95,31,9.91
219,Nkhotakota,MW,2022-12-21 15:51:01,-12.9274,34.2961,75.52,81,100,2.59
220,Rikitea,PF,2022-12-21 15:50:52,-23.1203,-134.9692,76.57,83,100,15.3
221,Pevek,RU,2022-12-21 15:51:02,69.7008,170.3133,5.02,66,0,4.09
222,Fredericksburg,US,2022-12-21 15:48:27,38.3032,-77.4605,40.51,66,0,1.99
223,Atuona,PF,2022-12-21 15:47:00,-9.8,-139.0333,78.28,81,29,23.22
224,Sabzevar,IR,2022-12-21 15:51:04,36.2126,57.6819,42.08,52,0,11.5
225,Cape Town,ZA,2022-12-21 15:46:42,-33.9258,18.4232,82.89,49,0,13.8
226,Tasiilaq,GL,2022-12-21 15:51:05,65.6145,-37.6368,6.49,52,0,5.3
227,Port Elizabeth,ZA,2022-12-21 15:51:05,-33.918,25.5701,73.09,67,2,7.0
228,Busselton,AU,2022-12-21 15:50:50,-33.65,115.3333,64.11,68,23,14.03
229,Yarmouth,US,2022-12-21 15:52:06,41.7057,-70.2286,41.97,76,100,5.01
230,Alamogordo,US,2022-12-21 15:47:17,32.8995,-105.9603,50.77,49,0,1.52
231,Bluff,NZ,2022-12-21 15:52:08,-46.6,168.3333,50.22,90,56,5.5
232,Punta Arenas,CL,2022-12-21 15:45:41,-53.15,-70.9167,59.02,94,100,6.91
233,Longyearbyen,SJ,2022-12-21 15:52:09,78.2186,15.6401,8.44,72,20,11.5
234,Laguna,US,2022-12-21 15:52:09,38.421,-121.4238,44.01,95,100,6.91
235,Muros,ES,2022-12-21 15:52:10,42.7762,-9.0603,61.84,90,99,15.35
236,Bluff,NZ,2022-12-21 15:52:10,-46.6,168.3333,50.22,90,56,5.5
237,Georgetown,MY,2022-12-21 15:51:18,5.4112,100.3354,80.53,86,20,10.36
238,Khani,GE,2022-12-21 15:52:11,41.9563,42.9566,36.97,76,10,2.57
239,Torbay,CA,2022-12-21 15:52:12,47.6666,-52.7314,36.57,83,75,20.71
240,Faanui,PF,2022-12-21 15:52:12,-16.4833,-151.75,81.34,76,53,21.63
241,Seoul,KR,2022-12-21 15:51:47,37.5683,126.9778,29.59,66,0,13.8
242,Albany,US,2022-12-21 15:51:14,42.6001,-73.9662,28.33,77,69,1.41
243,Roma,US,2022-12-21 15:52:14,43.2128,-75.4557,34.09,74,65,1.99
244,Severo-Kurilsk,RU,2022-12-21 15:52:14,50.6789,156.125,32.68,92,91,29.06
245,Nikolskoye,RU,2022-12-21 15:50:58,59.7035,30.7861,33.69,100,100,7.9
246,Hilo,US,2022-12-21 15:50:50,19.7297,-155.09,69.24,85,0,7.0
247,Rikitea,PF,2022-12-21 15:50:52,-23.1203,-134.9692,76.57,83,100,15.3
248,Ushuaia,AR,2022-12-21 15:46:49,-54.8,-68.3,65.86,34,0,14.97
249,Bluff,NZ,2022-12-21 15:52:10,-46.6,168.3333,50.22,90,56,5.5
250,Georgetown,MY,2022-12-21 15:51:18,5.4112,100.3354,80.53,86,20,10.36
251,Punta Arenas,CL,2022-12-21 15:50:49,-53.15,-70.9167,59.02,94,100,6.91
252,Albany,US,2022-12-21 15:51:14,42.6001,-73.9662,28.33,77,69,1.41
253,Mar Del Plata,AR,2022-12-21 15:50:52,-38.0023,-57.5575,82.83,75,20,21.85
254,Busselton,AU,2022-12-21 15:50:50,-33.65,115.3333,64.11,68,23,14.03
255,Vao,NC,2022-12-21 15:52:19,-22.6667,167.4833,74.71,77,99,10.07
256,Castro,BR,2022-12-21 15:52:19,-24.7911,-50.0119,66.74,72,87,7.4
257,Thompson,CA,2022-12-21 15:52:20,55.7435,-97.8558,-9.24,77,75,8.05
258,Rikitea,PF,2022-12-21 15:50:52,-23.1203,-134.9692,76.57,83,100,15.3
259,Tuatapere,NZ,2022-12-21 15:52:21,-46.1333,167.6833,47.77,96,42,3.38
260,Albany,US,2022-12-21 15:51:14,42.6001,-73.9662,28.33,77,69,1.41
261,Ushuaia,AR,2022-12-21 15:46:49,-54.8,-68.3,65.86,34,0,14.97
262,Provideniya,RU,2022-12-21 15:52:22,64.3833,-173.3,14.97,84,97,25.14
263,Yellowknife,CA,2022-12-21 15:44:22,62.456,-114.3525,-33.45,67,0,4.61
264,Punta Arenas,CL,2022-12-21 15:50:49,-53.15,-70.9167,59.02,94,100,6.91
265,Roma,US,2022-12-21 15:52:14,43.2128,-75.4557,34.09,74,65,1.99
266,New Norfolk,AU,2022-12-21 15:52:23,-42.7826,147.0587,53.1,67,88,1.99
267,Chuy,UY,2022-12-21 15:48:10,-33.6971,-53.4616,77.76,48,10,15.82
268,Busselton,AU,2022-12-21 15:50:50,-33.65,115.3333,64.11,68,23,14.03
269,Asau,RO,2022-12-21 15:52:25,46.4333,26.4,25.72,43,11,5.99
270,Albany,US,2022-12-21 15:51:14,42.6001,-73.9662,28.33,77,69,1.41
271,Kahului,US,2022-12-21 15:53:26,20.8947,-156.47,71.62,80,0,6.91
272,Saldanha,ZA,2022-12-21 15:53:26,-33.0117,17.9442,89.65,59,25,13.2
273,Cape Town,ZA,2022-12-21 15:46:42,-33.9258,18.4232,82.89,49,0,13.8
274,Makubetsu,JP,2022-12-21 15:53:28,45.3714,141.8211,25.16,76,27,2.26
275,Waipawa,NZ,2022-12-21 15:53:28,-41.4122,175.5153,53.11,85,100,5.73
276,Yellowknife,CA,2022-12-21 15:42:07,62.456,-114.3525,-33.45,67,0,4.61
277,Mozarlandia,BR,2022-12-21 15:53:29,-14.7447,-50.5706,76.73,86,99,11.65
278,Hobart,AU,2022-12-21 15:48:07,-42.8794,147.3294,53.46,84,80,5.75
279,Doha,QA,2022-12-21 15:52:24,25.2867,51.5333,75.18,44,0,6.91
280,Saint Anthony,US,2022-12-21 15:53:30,45.0205,-93.218,-1.14,81,100,6.91
281,Dandong,CN,2022-12-21 15:53:31,40.1292,124.3947,11.88,72,7,12.8
282,Castro,BR,2022-12-21 15:52:19,-24.7911,-50.0119,66.74,72,87,7.4
283,Bethel,US,2022-12-21 15:45:27,41.3712,-73.414,33.94,70,0,0.0
284,Airai,TL,2022-12-21 15:53:32,-8.9266,125.4092,60.08,93,100,1.79
285,Clyde River,CA,2022-12-21 15:42:13,70.4692,-68.5914,-5.57,84,100,12.66
286,Tiksi,RU,2022-12-21 15:48:09,71.6872,128.8694,-18.02,96,85,7.63
287,Atuona,PF,2022-12-21 15:47:00,-9.8,-139.0333,78.28,81,29,23.22
288,Broome,US,2022-12-21 15:53:34,42.2506,-75.833,31.35,75,53,3.0
289,Rikitea,PF,2022-12-21 15:50:52,-23.1203,-134.9692,76.57,83,100,15.3
290,Punta Arenas,CL,2022-12-21 15:50:49,-53.15,-70.9167,59.02,94,100,6.91
291,Kapaa,US,2022-12-21 15:53:35,22.0752,-159.319,71.58,100,6,4.52
292,Farah,AF,2022-12-21 15:53:35,32.5,62.5,44.1,44,58,3.69
293,Daru,PG,2022-12-21 15:53:36,-9.0763,143.2092,79.05,85,99,2.93
294,Nishihara,JP,2022-12-21 15:53:36,26.1842,127.7558,62.26,75,100,27.63
295,Punta Alta,AR,2022-12-21 15:53:36,-38.8759,-62.0736,94.53,27,16,9.8
296,Punta Arenas,CL,2022-12-21 15:50:49,-53.15,-70.9167,59.02,94,100,6.91
297,Punta Arenas,CL,2022-12-21 15:50:49,-53.15,-70.9167,59.02,94,100,6.91
298,Ushuaia,AR,2022-12-21 15:46:49,-54.8,-68.3,65.86,34,0,14.97
299,Albany,US,2022-12-21 15:51:14,42.6001,-73.9662,28.33,77,69,1.41
300,Namibe,AO,2022-12-21 15:53:38,-15.1961,12.1522,72.55,65,46,12.95
301,La Palma,US,2022-12-21 15:53:39,33.8464,-118.0467,62.51,28,0,3.98
302,Altamira,BR,2022-12-21 15:53:39,-3.2033,-52.2064,78.89,94,75,3.44
303,Haines Junction,CA,2022-12-21 15:53:40,60.7522,-137.5108,-36.45,67,100,0.0
304,Rikitea,PF,2022-12-21 15:50:52,-23.1203,-134.9692,76.57,83,100,15.3
305,Mar Del Plata,AR,2022-12-21 15:50:52,-38.0023,-57.5575,82.83,75,20,21.85
306,Korla,CN,2022-12-21 15:53:41,41.7597,86.1469,19.17,56,3,0.81
307,Puerto Ayora,EC,2022-12-21 15:53:41,-0.7393,-90.3518,76.96,92,32,4.0
308,Carnarvon,AU,2022-12-21 15:53:42,-24.8667,113.6333,81.23,55,0,18.37
309,Vostok,RU,2022-12-21 15:51:00,46.4856,135.8833,10.06,89,89,4.27
310,Rikitea,PF,2022-12-21 15:50:52,-23.1203,-134.9692,76.57,83,100,15.3
311,Kerema,PG,2022-12-21 15:53:43,-7.9631,145.7785,76.42,89,100,5.17
312,Pangnirtung,CA,2022-12-21 15:53:43,66.1451,-65.7125,1.4,85,100,2.3
313,Hasaki,JP,2022-12-21 15:49:28,35.7333,140.8333,43.2,72,100,2.75
314,Tabuk,PH,2022-12-21 15:53:44,17.4189,121.4443,69.85,87,100,8.97
315,Havelock,US,2022-12-21 15:53:45,34.8791,-76.9013,48.15,81,100,10.36
316,Cockburn Town,TC,2022-12-21 15:50:36,21.4612,-71.1419,82.36,54,20,9.22
317,Port Alfred,ZA,2022-12-21 15:54:45,-33.5906,26.891,71.19,68,54,8.99
318,Walvis Bay,NA,2022-12-21 15:54:46,-22.9575,14.5053,67.64,73,6,9.17
319,Torbay,CA,2022-12-21 15:54:46,47.6666,-52.7314,36.57,83,75,20.71
320,Esperance,AU,2022-12-21 15:54:47,-33.8667,121.9,60.89,86,6,10.85
321,Bengkulu,ID,2022-12-21 15:54:47,-3.8004,102.2655,77.32,86,98,8.41
322,Kathu,TH,2022-12-21 15:54:48,7.9178,98.3332,84.69,99,98,12.33
323,Arraial Do Cabo,BR,2022-12-21 15:48:21,-22.9661,-42.0278,75.06,88,75,13.8
324,Mabaruma,GY,2022-12-21 15:54:48,8.2,-59.7833,80.6,80,66,4.7
325,Rikitea,PF,2022-12-21 15:50:52,-23.1203,-134.9692,76.57,83,100,15.3
326,Torbay,CA,2022-12-21 15:52:12,47.6666,-52.7314,36.57,83,75,20.71
327,Arraial Do Cabo,BR,2022-12-21 15:50:51,-22.9661,-42.0278,75.06,88,75,13.8
328,Cayenne,GF,2022-12-21 15:53:18,4.9333,-52.3333,84.24,70,75,12.66
329,Schoningen,DE,2022-12-21 15:54:50,52.138,10.9675,49.42,93,96,4.9
330,Castro,BR,2022-12-21 15:52:19,-24.7911,-50.0119,66.74,72,87,7.4
331,Balikpapan,ID,2022-12-21 15:54:51,-1.2675,116.8289,79.79,89,40,4.61
332,Punta Arenas,CL,2022-12-21 15:50:49,-53.15,-70.9167,59.02,94,100,6.91
333,Coquimbo,CL,2022-12-21 15:54:52,-29.9533,-71.3436,71.33,64,0,13.8
334,Ushuaia,AR,2022-12-21 15:46:49,-54.8,-68.3,65.86,34,0,14.97
335,Salalah,OM,2022-12-21 15:54:53,17.0151,54.0924,73.65,48,1,1.52
336,Albany,US,2022-12-21 15:51:14,42.6001,-73.9662,28.33,77,69,1.41
337,Kapaa,US,2022-12-21 15:53:35,22.0752,-159.319,71.58,100,6,4.52
338,Nouadhibou,MR,2022-12-21 15:54:53,20.931,-17.0347,80.58,32,0,11.5
339,Los Llanos De Aridane,ES,2022-12-21 15:50:40,28.6585,-17.9182,69.55,66,0,3.44
340,Ushuaia,AR,2022-12-21 15:46:49,-54.8,-68.3,65.86,34,0,14.97
341,Hilo,US,2022-12-21 15:50:50,19.7297,-155.09,69.24,85,0,7.0
342,Clyde River,CA,2022-12-21 15:42:13,70.4692,-68.5914,-5.57,84,100,12.66
343,Vaini,TO,2022-12-21 15:54:55,-21.2,-175.2,75.36,100,20,4.61
344,Brookhaven,US,2022-12-21 15:54:56,31.5791,-90.4407,45.25,92,100,5.82
345,Punta Arenas,CL,2022-12-21 15:50:49,-53.15,-70.9167,59.02,94,100,6.91
346,Darbhanga,IN,2022-12-21 15:54:56,26.1667,85.9,63.09,42,5,7.58
347,Wanaka,NZ,2022-12-21 15:54:57,-44.7,169.15,53.11,80,39,1.01
348,Chuy,UY,2022-12-21 15:48:10,-33.6971,-53.4616,77.76,48,10,15.82
349,Yagodnoye,RU,2022-12-21 15:54:58,62.55,149.6667,3.87,97,100,4.18
350,Timbiqui,CO,2022-12-21 15:54:58,2.7717,-77.6654,82.13,71,93,3.96
351,Jackson,US,2022-12-21 15:54:44,42.4165,-122.8345,47.44,51,100,0.0
352,East London,ZA,2022-12-21 15:54:59,-33.0153,27.9116,70.74,56,20,14.97
353,Castro,BR,2022-12-21 15:52:19,-24.7911,-50.0119,66.74,72,87,7.4
354,Sibenik,HR,2022-12-21 15:55:00,43.7272,15.9058,55.38,79,100,1.99
355,Kuala Terengganu,MY,2022-12-21 15:55:00,5.3302,103.1408,80.55,83,20,5.99
356,Narsaq,GL,2022-12-21 15:55:01,60.9167,-46.05,9.52,64,0,8.19
357,Kaitangata,NZ,2022-12-21 15:55:01,-46.2817,169.8464,50.5,95,55,8.46
358,Mar Del Plata,AR,2022-12-21 15:50:52,-38.0023,-57.5575,82.83,75,20,21.85
359,Ushuaia,AR,2022-12-21 15:46:49,-54.8,-68.3,65.86,34,0,14.97
360,Rio Grande,BR,2022-12-21 15:52:19,-32.035,-52.0986,77.11,61,4,15.48
361,Ancud,CL,2022-12-21 15:55:03,-41.8697,-73.8203,62.74,75,30,19.17
362,Ushuaia,AR,2022-12-21 15:46:49,-54.8,-68.3,65.86,34,0,14.97
363,Longyearbyen,SJ,2022-12-21 15:56:03,78.2186,15.6401,6.64,78,20,11.5
364,Vuktyl,RU,2022-12-21 15:56:04,63.8567,57.3094,-27.0,100,57,3.89
365,Grand-Santi,GF,2022-12-21 15:56:04,4.25,-54.3833,83.61,69,94,4.0
366,Saint-Philippe,RE,2022-12-21 15:56:05,-21.3585,55.7679,78.39,77,91,9.75
367,Ushuaia,AR,2022-12-21 15:56:06,-54.8,-68.3,65.86,34,0,14.97
368,Punta Arenas,CL,2022-12-21 15:55:08,-53.15,-70.9167,59.02,94,100,6.91
369,Mahebourg,MU,2022-12-21 15:56:07,-20.4081,57.7,79.09,69,40,8.05
370,Katsuura,JP,2022-12-21 15:56:08,35.1333,140.3,55.72,76,100,8.75
371,Punta Arenas,CL,2022-12-21 15:50:49,-53.15,-70.9167,59.02,94,100,6.91
372,Sao Filipe,CV,2022-12-21 15:56:08,14.8961,-24.4956,79.25,56,1,14.61
373,Ushuaia,AR,2022-12-21 15:46:49,-54.8,-68.3,65.86,34,0,14.97
374,Hobart,AU,2022-12-21 15:48:07,-42.8794,147.3294,53.46,84,80,5.75
375,Faanui,PF,2022-12-21 15:52:12,-16.4833,-151.75,81.34,76,53,21.63
376,Hermanus,ZA,2022-12-21 15:56:10,-34.4187,19.2345,78.8,51,0,19.84
377,Punta Arenas,CL,2022-12-21 15:50:49,-53.15,-70.9167,59.02,94,100,6.91
378,Henties Bay,NA,2022-12-21 15:56:10,-22.116,14.2845,66.47,76,0,7.9
379,Leningradskiy,RU,2022-12-21 15:56:11,69.3833,178.4167,3.99,81,3,11.45
380,Rikitea,PF,2022-12-21 15:50:52,-23.1203,-134.9692,76.57,83,100,15.3
381,San Patricio,US,2022-12-21 15:56:11,28.017,-97.5169,51.91,78,100,4.79
382,Bluff,NZ,2022-12-21 15:52:10,-46.6,168.3333,50.22,90,56,5.5
383,Tiarei,PF,2022-12-21 15:56:13,-17.5333,-149.3333,77.02,79,53,22.01
384,Pueblo Nuevo,MX,2022-12-21 15:56:13,23.3833,-105.3833,61.52,22,89,2.62
385,Kokkola,FI,2022-12-21 15:56:14,63.8385,23.1307,33.04,97,100,2.3
386,Bredasdorp,ZA,2022-12-21 15:56:15,-34.5322,20.0403,70.32,65,1,21.36
387,Bredasdorp,ZA,2022-12-21 15:56:15,-34.5322,20.0403,70.32,65,1,21.36
388,Sylacauga,US,2022-12-21 15:56:15,33.1732,-86.2516,46.31,87,100,5.75
389,Airai,TL,2022-12-21 15:53:32,-8.9266,125.4092,60.08,93,100,1.79
390,Ushuaia,AR,2022-12-21 15:46:49,-54.8,-68.3,65.86,34,0,14.97
391,Hofn,IS,2022-12-21 15:56:17,64.2539,-15.2082,33.82,47,20,17.27
392,Gat,IL,2022-12-21 15:56:17,31.61,34.7642,65.08,100,50,11.16
393,Pevek,RU,2022-12-21 15:51:02,69.7008,170.3133,5.02,66,0,4.09
394,Esmeraldas,BR,2022-12-21 15:56:18,-19.7625,-44.3139,78.91,76,70,6.96
395,Busselton,AU,2022-12-21 15:50:50,-33.65,115.3333,64.11,68,23,14.03
396,Provideniya,RU,2022-12-21 15:52:22,64.3833,-173.3,14.97,84,97,25.14
397,Boyolangu,ID,2022-12-21 15:56:19,-8.1181,111.8935,77.18,86,100,3.42
398,Arraial Do Cabo,BR,2022-12-21 15:50:51,-22.9661,-42.0278,75.06,88,75,13.8
399,Saint-Augustin,CA,2022-12-21 15:56:20,51.226,-58.6502,27.41,74,89,6.73
400,Cordele,US,2022-12-21 15:56:20,31.9635,-83.7824,42.78,93,100,9.22
401,Busselton,AU,2022-12-21 15:50:50,-33.65,115.3333,64.11,68,23,14.03
402,Albany,US,2022-12-21 15:51:14,42.6001,-73.9662,28.33,77,69,1.41
403,Tiksi,RU,2022-12-21 15:48:09,71.6872,128.8694,-18.02,96,85,7.63
404,Atuona,PF,2022-12-21 15:47:00,-9.8,-139.0333,78.28,81,29,23.22
405,Albany,US,2022-12-21 15:51:14,42.6001,-73.9662,28.33,77,69,1.41
406,Ushuaia,AR,2022-12-21 15:46:49,-54.8,-68.3,65.86,34,0,14.97
407,Atuona,PF,2022-12-21 15:47:00,-9.8,-139.0333,78.28,81,29,23.22
408,Bredasdorp,ZA,2022-12-21 15:56:15,-34.5322,20.0403,70.32,65,1,21.36
409,Ponta Do Sol,PT,2022-12-21 15:57:23,32.6667,-17.1,74.01,86,45,3.76
410,Gandajika,CD,2022-12-21 15:57:24,-6.75,23.95,71.65,93,95,3.36
411,Punta Arenas,CL,2022-12-21 15:57:24,-53.15,-70.9167,59.02,94,100,6.91
412,Punta Arenas,CL,2022-12-21 15:57:24,-53.15,-70.9167,59.02,94,100,6.91
413,Port Hardy,CA,2022-12-21 15:57:25,50.6996,-127.4199,17.78,86,75,3.44
414,Bluff,NZ,2022-12-21 15:57:26,-46.6,168.3333,50.22,90,56,5.5
415,Mokhsogollokh,RU,2022-12-21 15:57:26,61.4681,128.9203,-36.17,99,29,3.0
416,Buraydah,SA,2022-12-21 15:57:27,26.326,43.975,72.05,27,42,10.58
417,Samarai,PG,2022-12-21 15:57:28,-10.6167,150.6667,82.54,78,88,7.29
418,Vaini,TO,2022-12-21 15:54:55,-21.2,-175.2,75.36,100,20,4.61
419,Bathsheba,BB,2022-12-21 15:57:28,13.2167,-59.5167,86.61,80,20,21.85
420,Pudozh,RU,2022-12-21 15:57:29,61.8099,36.5345,23.45,94,100,10.11
421,Mangrol,IN,2022-12-21 15:57:29,21.1167,70.1167,75.07,40,0,9.93
422,Puerto Escondido,MX,2022-12-21 15:57:30,15.85,-97.0667,82.76,52,0,2.48
423,Punta Arenas,CL,2022-12-21 15:50:49,-53.15,-70.9167,59.02,94,100,6.91
424,Saint-Philippe,RE,2022-12-21 15:56:05,-21.3585,55.7679,78.39,77,91,9.75
425,Cherskiy,RU,2022-12-21 15:57:31,68.75,161.3,5.94,62,5,4.41
426,Boca Do Acre,BR,2022-12-21 15:57:31,-8.7522,-67.3978,89.56,51,46,2.46
427,Sinnamary,GF,2022-12-21 15:57:32,5.3833,-52.95,79.47,83,78,11.54
428,Atuona,PF,2022-12-21 15:57:32,-9.8,-139.0333,78.28,81,29,23.22
429,Castro,BR,2022-12-21 15:48:20,-24.7911,-50.0119,66.74,72,87,7.4
430,Cabo San Lucas,MX,2022-12-21 15:53:57,22.8909,-109.9124,71.51,73,30,3.0
431,Ushuaia,AR,2022-12-21 15:56:06,-54.8,-68.3,65.86,34,0,14.97
432,Tuktoyaktuk,CA,2022-12-21 15:57:33,69.4541,-133.0374,-13.0,84,100,14.97
433,Cayenne,GF,2022-12-21 15:57:34,4.9333,-52.3333,84.24,70,75,12.66
434,Port Keats,AU,2022-12-21 15:57:34,-14.25,129.55,76.93,89,100,7.45
435,Chumphon,TH,2022-12-21 15:57:35,10.3333,98.8333,66.52,90,12,2.86
436,Albany,US,2022-12-21 15:56:23,42.6001,-73.9662,28.24,76,69,1.41
437,Hobart,AU,2022-12-21 15:57:14,-42.8794,147.3294,53.46,85,80,5.75
438,Rikitea,PF,2022-12-21 15:57:36,-23.1203,-134.9692,76.57,83,100,15.3
439,Acajutla,SV,2022-12-21 15:57:36,13.5928,-89.8275,84.69,50,0,2.64
440,Ushuaia,AR,2022-12-21 15:56:06,-54.8,-68.3,65.86,34,0,14.97
441,Bengkulu,ID,2022-12-21 15:49:42,-3.8004,102.2655,77.32,86,98,8.41
442,Geraldton,AU,2022-12-21 15:57:37,-28.7667,114.6,68.41,68,2,5.75
443,Saint Anthony,US,2022-12-21 15:53:30,45.0205,-93.218,-1.14,81,100,6.91
444,Broken Hill,AU,2022-12-21 15:57:38,-31.95,141.4333,69.64,74,95,10.87
445,Ushuaia,AR,2022-12-21 15:56:06,-54.8,-68.3,65.86,34,0,14.97
446,Beni,CD,2022-12-21 15:57:39,0.5,29.4667,66.38,90,93,2.06
447,Cape Town,ZA,2022-12-21 15:45:06,-33.9258,18.4232,82.89,49,0,13.8
448,Salalah,OM,2022-12-21 15:57:40,17.0151,54.0924,73.65,48,1,1.52
449,Anadyr,RU,2022-12-21 15:57:40,64.75,177.4833,16.3,53,0,15.66
450,Albany,US,2022-12-21 15:56:23,42.6001,-73.9662,28.24,76,69,1.41
451,Atuona,PF,2022-12-21 15:57:32,-9.8,-139.0333,78.28,81,29,23.22
452,Jamestown,US,2022-12-21 15:49:45,42.097,-79.2353,31.71,68,75,3.44
453,Bredasdorp,ZA,2022-12-21 15:56:15,-34.5322,20.0403,70.32,65,1,21.36
454,Bontang,ID,2022-12-21 15:57:42,0.1333,117.5,78.51,87,97,5.39
455,Coquimbo,CL,2022-12-21 15:57:43,-29.9533,-71.3436,71.33,64,0,13.8
456,Zhob,PK,2022-12-21 15:57:43,31.3411,69.4481,48.42,36,0,0.74
457,Samarinda,ID,2022-12-21 15:58:44,-0.5,117.15,75.36,95,92,2.15
458,Rikitea,PF,2022-12-21 15:57:36,-23.1203,-134.9692,76.57,83,100,15.3
459,Victoria,HK,2022-12-21 15:54:20,22.2855,114.1577,64.26,43,42,10.0
460,Mataura,NZ,2022-12-21 15:58:45,-46.1927,168.8643,45.07,99,45,2.64
461,Hermanus,ZA,2022-12-21 15:56:10,-34.4187,19.2345,78.8,51,0,19.84
462,Salinas,US,2022-12-21 15:58:46,36.6777,-121.6555,52.05,61,3,4.21
463,Qaanaaq,GL,2022-12-21 15:58:46,77.484,-69.3632,-21.91,83,88,3.58
464,Tual,ID,2022-12-21 15:58:47,-5.6667,132.75,83.75,77,99,18.84
465,Broken Hill,AU,2022-12-21 15:57:38,-31.95,141.4333,69.64,74,95,10.87
466,Ushuaia,AR,2022-12-21 15:56:06,-54.8,-68.3,65.86,34,0,14.97
467,Isangel,VU,2022-12-21 15:58:48,-19.55,169.2667,78.4,76,87,4.25
468,Albany,US,2022-12-21 15:56:23,42.6001,-73.9662,28.24,76,69,1.41
469,Portland,US,2022-12-21 15:49:38,45.5234,-122.6762,36.57,89,75,1.01
470,Ushuaia,AR,2022-12-21 15:56:06,-54.8,-68.3,65.86,34,0,14.97
471,Busselton,AU,2022-12-21 15:58:50,-33.65,115.3333,64.11,68,23,14.03
472,Ancud,CL,2022-12-21 15:58:51,-41.8697,-73.8203,62.74,75,30,19.17
473,Pandan,PH,2022-12-21 15:58:51,14.0453,124.1694,78.19,82,76,2.37
474,Sao Joao Da Barra,BR,2022-12-21 15:58:52,-21.6403,-41.0511,84.29,79,95,12.68
475,Upernavik,GL,2022-12-21 15:58:52,72.7868,-56.1549,5.36,96,92,14.83
476,Busselton,AU,2022-12-21 15:58:50,-33.65,115.3333,64.11,68,23,14.03
477,Acajutla,SV,2022-12-21 15:57:36,13.5928,-89.8275,84.69,50,0,2.64
478,Kathmandu,NP,2022-12-21 15:58:53,27.7167,85.3167,53.82,82,20,3.44
479,Mataura,NZ,2022-12-21 15:58:45,-46.1927,168.8643,45.07,99,45,2.64
480,Hobart,AU,2022-12-21 15:57:14,-42.8794,147.3294,53.46,85,80,5.75
481,Arraial Do Cabo,BR,2022-12-21 15:58:54,-22.9661,-42.0278,75.06,88,75,13.8
482,Puerto Cabezas,NI,2022-12-21 15:55:49,14.0351,-83.3888,84.16,74,40,9.22
483,Castro,BR,2022-12-21 15:58:55,-24.7911,-50.0119,66.74,72,87,7.4
484,Sale,MA,2022-12-21 15:58:55,34.0389,-6.8166,69.64,68,15,3.44
485,Karratha,AU,2022-12-21 15:58:56,-20.7377,116.8463,76.48,72,4,13.38
486,Ippy,CF,2022-12-21 15:58:57,6.2679,21.2247,90.12,18,7,2.64
487,Ushuaia,AR,2022-12-21 15:56:06,-54.8,-68.3,65.86,34,0,14.97
488,Port Augusta,AU,2022-12-21 15:57:02,-32.5,137.7667,69.04,74,2,11.34
489,Bara,NG,2022-12-21 15:57:31,10.3744,10.7288,85.62,16,80,9.44
490,Port Macquarie,AU,2022-12-21 15:58:58,-31.4333,152.9167,55.89,87,84,3.62
491,Nueva Guinea,NI,2022-12-21 15:58:59,11.6876,-84.4562,78.06,78,33,13.09
492,Ushuaia,AR,2022-12-21 15:56:06,-54.8,-68.3,65.86,34,0,14.97
493,Te Anau,NZ,2022-12-21 15:58:59,-45.4167,167.7167,48.97,95,34,1.5
494,Yumen,CN,2022-12-21 15:59:00,40.2833,97.2,17.19,60,3,14.34
495,Ushuaia,AR,2022-12-21 15:56:06,-54.8,-68.3,65.86,34,0,14.97
496,Touros,BR,2022-12-21 15:59:01,-5.1989,-35.4608,85.91,59,23,14.09
497,Yar-Sale,RU,2022-12-21 15:59:01,66.8333,70.8333,-17.54,99,78,8.75
498,Okha,RU,2022-12-21 15:59:02,53.5739,142.9478,3.27,93,100,24.34
499,Bolitoc,PH,2022-12-21 15:59:02,15.7395,119.8769,77.16,80,100,17.29
500,Yar-Sale,RU,2022-12-21 15:59:01,66.8333,70.8333,-17.54,99,78,8.75
501,Abu Zabad,SD,2022-12-21 16:00:03,12.35,29.25,81.12,21,100,5.99
502,Disna,BY,2022-12-21 16:00:05,55.568,28.1971,35.01,100,100,12.06
503,Aksarka,RU,2022-12-21 16:00:05,66.5606,67.7975,-10.23,90,96,6.91
504,New Norfolk,AU,2022-12-21 15:52:23,-42.7826,147.0587,53.1,67,88,1.99
505,Coari,BR,2022-12-21 16:00:10,-4.085,-63.1414,79.0,84,100,5.57
506,Puerto Ayora,EC,2022-12-21 15:58:07,-0.7393,-90.3518,76.96,92,32,4.0
507,Owensboro,US,2022-12-21 15:56:04,37.7742,-87.1133,38.16,51,100,5.46
508,Longhua,CN,2022-12-21 16:00:12,23.6137,114.1919,47.88,62,44,3.67
509,Mozarlandia,BR,2022-12-21 16:00:12,-14.7447,-50.5706,76.73,86,99,11.65
510,Tuktoyaktuk,CA,2022-12-21 15:57:33,69.4541,-133.0374,-13.0,84,100,14.97
511,Airai,TL,2022-12-21 16:00:14,-8.9266,125.4092,60.08,93,100,1.79
512,Kaitangata,NZ,2022-12-21 16:00:14,-46.2817,169.8464,50.5,95,55,8.46
513,Sorong,ID,2022-12-21 16:00:15,-0.8833,131.25,81.54,81,95,5.06
514,Abha,SA,2022-12-21 16:00:16,18.2164,42.5053,55.85,66,15,4.12
515,Ushuaia,AR,2022-12-21 15:56:06,-54.8,-68.3,65.86,34,0,14.97
516,Port Alfred,ZA,2022-12-21 16:00:16,-33.5906,26.891,71.19,68,54,8.99
517,Hobart,AU,2022-12-21 15:57:14,-42.8794,147.3294,53.46,85,80,5.75
518,Pisco,PE,2022-12-21 16:00:18,-13.7,-76.2167,73.02,80,27,9.22
519,Havelock,US,2022-12-21 16:00:18,34.8791,-76.9013,47.93,82,91,7.0
520,Kletskaya,RU,2022-12-21 16:00:19,49.3145,43.0584,30.85,88,96,5.77
521,Upernavik,GL,2022-12-21 15:58:52,72.7868,-56.1549,5.36,96,92,14.83
522,Torbay,CA,2022-12-21 16:00:20,47.6666,-52.7314,36.57,85,32,18.01
523,Clyde River,CA,2022-12-21 16:00:20,70.4692,-68.5914,-14.57,91,100,7.52
524,Tuatapere,NZ,2022-12-21 16:00:21,-46.1333,167.6833,47.77,96,42,3.38
525,Grindavik,IS,2022-12-21 16:00:22,63.8424,-22.4338,28.87,74,20,20.71
526,Mataura,NZ,2022-12-21 15:58:45,-46.1927,168.8643,45.07,99,45,2.64
527,Lubango,AO,2022-12-21 16:00:23,-14.9172,13.4925,75.74,35,82,9.98
528,Balkhash,KZ,2022-12-21 16:00:24,46.844,74.9804,14.16,84,60,20.96
529,Castro,BR,2022-12-21 15:58:55,-24.7911,-50.0119,66.74,72,87,7.4
530,Hilo,US,2022-12-21 15:57:08,19.7297,-155.09,69.24,88,17,7.0
531,Dikson,RU,2022-12-21 16:00:25,73.5069,80.5464,-26.86,95,31,9.91
532,Cherskiy,RU,2022-12-21 15:57:31,68.75,161.3,5.94,62,5,4.41
533,Envira,BR,2022-12-21 16:00:27,-7.3,-70.2167,87.37,53,100,3.56
534,Faya,SA,2022-12-21 16:00:27,18.3851,42.4509,56.39,62,32,5.08
535,Punta Arenas,CL,2022-12-21 15:55:08,-53.15,-70.9167,59.02,94,100,6.91
536,Grande Prairie,CA,2022-12-21 15:57:14,55.1667,-118.8027,-41.62,66,0,2.3
537,Busselton,AU,2022-12-21 15:58:50,-33.65,115.3333,64.11,68,23,14.03
538,Lebu,CL,2022-12-21 16:00:31,-37.6167,-73.65,65.91,70,47,12.5
539,San Simon De La Laguna,MX,2022-12-21 16:00:31,19.3,-100.0833,58.08,57,27,4.43
540,Aleksandrovskiy Zavod,RU,2022-12-21 16:00:32,50.9237,117.9374,-28.03,99,36,3.8
541,Richards Bay,ZA,2022-12-21 16:00:33,-28.783,32.0377,69.85,66,97,6.98
542,Atuona,PF,2022-12-21 15:57:32,-9.8,-139.0333,78.28,81,29,23.22
543,Ushuaia,AR,2022-12-21 15:56:06,-54.8,-68.3,65.86,34,0,14.97
544,Thompson,CA,2022-12-21 16:00:34,55.7435,-97.8558,-3.91,88,100,10.22
545,Thompson,CA,2022-12-21 16:00:34,55.7435,-97.8558,-3.91,88,100,10.22
546,Tiksi,RU,2022-12-21 16:00:35,71.6872,128.8694,-18.02,96,85,7.63
547,Hermanus,ZA,2022-12-21 16:00:35,-34.4187,19.2345,77.81,51,0,19.84
548,Katsuura,JP,2022-12-21 16:00:36,35.1333,140.3,55.72,76,100,8.75
